0,M1B
1,M1C
2,M1E
3,M1G
4,M1H
5,M1J
6,M1K
7,M1L
8,M1M
9,M1N
10,M1P
11,M1R
12,M1S
13,M1T
14,M1V
15,M1W
16,M1X
17,M2J
18,M2L
19,M2M
20,M2N
21,M2P
22,M2R
23,M3B
24,M3C
25,M3H
26,M4B
27,M4C
28,M4E
29,M4G
30,M4J
31,M4K
32,M4L
33,M4M
34,M4N
35,M4R
36,M4S
37,M4T
38,M4V
39,M4W
40,M4X
41,M4Y
42,M5A
43,M5J
44,M5M
45,M5N
46,M5P
47,M5R
48,M5S
49,M5T
50,M5V
51,M6B
52,M6C
53,M6E
54,M6G
55,M6H
56,M6J
57,M6K
58,M6L
59,M6M
60,M6N
61,M6P
62,M6R
63,M6S
64,M8V
65,M8W
66,M8X
67,M8Y
68,M8Z
69,M9A
70,M9M
71,M9P
72,M9R
73,M9V
74,M9W
75,M2K
76,M3A
77,M3J
78,M3K
79,M3L
80,M3M
81,M3N
82,M4P
83,M5B
84,M9B
85,M9C
86,M9L
